value,TIMESTAMP_S
0.00328397,1611451921
0.00280449,1611451926
0.00304423,1611451931
0.00280449,1611451936
0.0031641,1611451941
0.00268462,1611451946
0.00280449,1611451951
0.00256474,1611451956
0.00280449,1611451961
0.00304423,1611451966
0.00268462,1611451971
0.00280449,1611451976
0.00208526,1611451981
0.002325,1611451986
0.00304423,1611451991
0.002325,1611451996
0.00292436,1611452001
0.00160577,1611452006
0.00268462,1611452011
0.00244487,1611452016
0.00184552,1611452021
0.002325,1611452026
0.002325,1611452031
0.00172565,1611452041
0.00208526,1611452046
0.00256474,1611452051
0.002325,1611452056
0.00196539,1611452061
0.00208526,1611452066
0.00160577,1611452071
0.00196539,1611452076
0.00112629,1611452081
0.0014859,1611452086
0.00244487,1611452091
0.00172565,1611452096
0.00220513,1611452101
0.0014859,1611452106
0.00160577,1611452111
0.00184552,1611452116
0.00160577,1611452121
0.00112629,1611452126
0.0014859,1611452131
0.00160577,1611452136
0.00184552,1611452141
0.000766674,1611452146
0.00136603,1611452151
0.00136603,1611452156
0.00136603,1611452161
0.00136603,1611452166
0.00136603,1611452171
0.00112629,1611452176
0.0014859,1611452181
0.000526931,1611452186
0.000646803,1611452191
0.000766674,1611452196
0.000766674,1611452201
0.00100642,1611452206
0.000526931,1611452211
0.000526931,1611452216
0.00112629,1611452221
0.00112629,1611452226
0.0008865460000000001,1611452231
0.000766674,1611452236
0.000646803,1611452241
0.0014859,1611452246
0.00100642,1611452251
0.00040706,1611452256
0.000526931,1611452261
0.000167317,1611452266
0.00040706,1611452271
0.000167317,1611452276
0.00028718900000000003,1611452281
0.000646803,1611452286
0.00100642,1611452291
0.000167317,1611452296
4.74459e-05,1611452301
0.000526931,1611452306
0.00028718900000000003,1611452311
0.000646803,1611452316
0.00028718900000000003,1611452321
0.000167317,1611452326
4.74459e-05,1611452336
4.74459e-05,1611452341
0.000526931,1611452346
0.000167317,1611452351
0.000646803,1611452356
-0.00019230099999999997,1611452361
0.0008865460000000001,1611452366
0.000646803,1611452371
0.00028718900000000003,1611452376
0.000167317,1611452381
0.00040706,1611452386
0.000526931,1611452391
0.00028718900000000003,1611452396
0.00028718900000000003,1611452401
0.000167317,1611452406
0.00040706,1611452411
4.74459e-05,1611452416
-7.24297e-05,1611452421
0.00040706,1611452426
-0.000432044,1611452431
-0.000312172,1611452436
-0.000551915,1611452441
-7.24297e-05,1611452446
-7.24297e-05,1611452451
0.00040706,1611452456
0.00028718900000000003,1611452461
-0.000312172,1611452466
0.000167317,1611452471
-0.000671787,1611452476
-0.000671787,1611452481
-0.000432044,1611452486
-0.000312172,1611452491
-0.000791658,1611452496
-0.00019230099999999997,1611452501
0.000167317,1611452506
0.000167317,1611452511
-0.000312172,1611452516
-0.000312172,1611452521
4.74459e-05,1611452526
-0.000791658,1611452531
-0.000432044,1611452536
-0.000791658,1611452541
-0.000551915,1611452546
0.00028718900000000003,1611452551
-0.00019230099999999997,1611452556
-0.000432044,1611452561
-0.000312172,1611452566
-0.00019230099999999997,1611452571
-0.000432044,1611452576
-0.000312172,1611452581
-0.000551915,1611452586
-0.000432044,1611452591
-0.000791658,1611452596
-7.24297e-05,1611452601
-0.000791658,1611452606
-0.000432044,1611452611
-0.000312172,1611452616
0.000167317,1611452621
-0.000312172,1611452626
-0.00019230099999999997,1611452631
4.74459e-05,1611452636
-0.000312172,1611452641
-0.000432044,1611452646
4.74459e-05,1611452651
-0.000312172,1611452656
0.000167317,1611452661
0.00028718900000000003,1611452666
-7.24297e-05,1611452671
-0.00019230099999999997,1611452676
0.00040706,1611452681
0.00040706,1611452686
4.74459e-05,1611452691
0.00040706,1611452696
0.000766674,1611452701
0.000167317,1611452706
0.00040706,1611452711
4.74459e-05,1611452716
0.00028718900000000003,1611452721
0.000646803,1611452726
0.00040706,1611452736
0.00040706,1611452741
0.00028718900000000003,1611452746
0.0008865460000000001,1611452751
0.000167317,1611452756
0.000646803,1611452761
0.00028718900000000003,1611452766
0.000167317,1611452771
0.000167317,1611452776
0.000526931,1611452781
0.000526931,1611452786
0.0008865460000000001,1611452791
0.000526931,1611452796
0.0008865460000000001,1611452801
0.000646803,1611452806
0.000526931,1611452811
0.000167317,1611452816
0.00028718900000000003,1611452821
0.00028718900000000003,1611452826
0.0008865460000000001,1611452831
4.74459e-05,1611452836
0.0008865460000000001,1611452841
0.0008865460000000001,1611452846
0.00124616,1611452851
-0.000312172,1611452856
0.00040706,1611452861
0.0008865460000000001,1611452866
0.000646803,1611452871
0.00124616,1611452876
0.00040706,1611452881
0.000526931,1611452886
0.00028718900000000003,1611452891
0.00040706,1611452896
0.00040706,1611452901
0.000646803,1611452906
0.000526931,1611452911
0.00028718900000000003,1611452916
0.000526931,1611452921
0.00028718900000000003,1611452926
0.00040706,1611452931
0.000646803,1611452936
0.000526931,1611452941
0.000167317,1611452946
0.000766674,1611452951
0.00028718900000000003,1611452956
-0.00019230099999999997,1611452961
0.000526931,1611452966
0.000167317,1611452971
0.0008865460000000001,1611452976
0.000167317,1611452981
0.000526931,1611452986
-0.000312172,1611452991
-0.00019230099999999997,1611452996
0.000766674,1611453001
0.000526931,1611453006
0.000167317,1611453011
0.00028718900000000003,1611453016
0.00028718900000000003,1611453021
0.000167317,1611453026
4.74459e-05,1611453031
-7.24297e-05,1611453036
0.000167317,1611453041
-0.000312172,1611453046
0.000646803,1611453051
-0.00019230099999999997,1611453056
0.000167317,1611453061
-0.0010314,1611453066
-0.000791658,1611453071
-0.000312172,1611453076
-0.000791658,1611453081
0.000167317,1611453086
-0.000312172,1611453091
-0.000312172,1611453096
-0.000551915,1611453101
-0.000312172,1611453106
-0.000312172,1611453111
-0.000312172,1611453116
-0.000671787,1611453121
-0.000791658,1611453126
-0.0009115289999999999,1611453131
-7.24297e-05,1611453136
-0.0010314,1611453141
-0.000551915,1611453146
-0.000671787,1611453151
-0.000671787,1611453156
-0.000551915,1611453161
-0.000671787,1611453166
-0.0009115289999999999,1611453171
-0.0009115289999999999,1611453176
-0.00115127,1611453181
-0.000551915,1611453186
-0.0010314,1611453191
-0.00139101,1611453196
-0.00199037,1611453201
-0.00127114,1611453206
-0.0009115289999999999,1611453211
-0.000671787,1611453216
-0.000671787,1611453221
-0.000671787,1611453226
-0.00151089,1611453231
-0.00151089,1611453236
-0.0018704999999999998,1611453241
-0.00127114,1611453246
-0.00151089,1611453251
-0.00175063,1611453256
-0.00199037,1611453261
-0.00163076,1611453266
-0.00127114,1611453271
-0.00175063,1611453276
-0.00246986,1611453281
-0.0018704999999999998,1611453286
-0.00211024,1611453291
-0.00258973,1611453296
-0.00258973,1611453301
-0.00199037,1611453306
-0.00211024,1611453311
-0.00258973,1611453316
-0.00175063,1611453321
-0.00223011,1611453326
-0.00199037,1611453331
-0.00199037,1611453336
-0.00234999,1611453341
-0.00211024,1611453346
-0.00258973,1611453351
-0.00211024,1611453356
-0.0018704999999999998,1611453361
-0.00282947,1611453366
-0.00258973,1611453371
-0.00294934,1611453376
-0.00306921,1611453381
-0.00246986,1611453386
-0.00258973,1611453391
-0.00282947,1611453396
-0.00246986,1611453401
-0.00294934,1611453406
-0.00282947,1611453411
-0.00330896,1611453416
-0.00282947,1611453421
-0.00246986,1611453426
-0.00258973,1611453431
-0.00294934,1611453436
-0.00318909,1611453441
-0.00246986,1611453446
-0.00306921,1611453451
-0.00282947,1611453456
-0.00318909,1611453461
-0.0035486999999999997,1611453466
-0.00318909,1611453471
-0.00282947,1611453476
-0.00402819,1611453481
-0.00318909,1611453486
-0.0035486999999999997,1611453491
-0.00390832,1611453496
-0.0043878,1611453501
-0.00366857,1611453506
-0.00390832,1611453511
-0.00414806,1611453516
-0.00414806,1611453521
-0.00390832,1611453526
-0.00390832,1611453531
-0.00474742,1611453536
-0.00426793,1611453541
-0.00498716,1611453546
-0.00378845,1611453551
-0.00498716,1611453556
-0.00390832,1611453561
-0.00486729,1611453566
-0.00474742,1611453571
-0.0043878,1611453576
-0.00402819,1611453581
-0.00486729,1611453586
-0.00486729,1611453591
-0.00486729,1611453596
-0.00462755,1611453601
-0.00474742,1611453606
-0.00462755,1611453611
-0.00570639,1611453616
-0.00558652,1611453621
-0.00510703,1611453626
-0.00534677,1611453631
-0.00534677,1611453636
-0.0052269,1611453641
-0.00546665,1611453646
-0.0052269,1611453651
-0.00462755,1611453656
-0.00534677,1611453661
-0.00534677,1611453666
-0.00510703,1611453671
-0.00594613,1611453676
-0.00498716,1611453681
-0.00570639,1611453686
-0.00582626,1611453691
-0.00582626,1611453696
-0.00510703,1611453701
-0.00642562,1611453706
-0.00582626,1611453711
-0.00642562,1611453716
-0.006065999999999999,1611453721
-0.00570639,1611453726
-0.00594613,1611453731
-0.00630575,1611453736
-0.00594613,1611453741
-0.00630575,1611453746
-0.00618587,1611453751
-0.00702497,1611453756
-0.00618587,1611453761
-0.00666536,1611453766
-0.00618587,1611453771
-0.00666536,1611453776
-0.00654549,1611453781
-0.00654549,1611453786
-0.00678523,1611453791
-0.0069051,1611453796
-0.0069051,1611453801
-0.0069051,1611453806
-0.00726472,1611453811
-0.00750446,1611453816
-0.00702497,1611453821
-0.00726472,1611453826
-0.00762433,1611453831
-0.00738459,1611453836
-0.0069051,1611453841
-0.00750446,1611453846
-0.00774421,1611453851
-0.00762433,1611453856
-0.00798395,1611453861
-0.00678523,1611453866
-0.00786408,1611453871
-0.00726472,1611453876
-0.00834356,1611453881
-0.00750446,1611453886
-0.00762433,1611453891
-0.00822369,1611453896
-0.00846343,1611453901
-0.00786408,1611453906
-0.00810382,1611453911
-0.00858331,1611453916
-0.00798395,1611453921
-0.00822369,1611453926
-0.00846343,1611453931
-0.00822369,1611453936
-0.00798395,1611453941
-0.00786408,1611453946
-0.00786408,1611453951
-0.00834356,1611453956
-0.00798395,1611453961
-0.00810382,1611453966
-0.00906279,1611453971
-0.00870318,1611453976
-0.00882305,1611453986
-0.00834356,1611453991
-0.00882305,1611453996
-0.00834356,1611454001
-0.00810382,1611454006
-0.00846343,1611454011
-0.00834356,1611454016
-0.00786408,1611454021
-0.00882305,1611454026
-0.00822369,1611454031
-0.00834356,1611454036
-0.00834356,1611454041
-0.00822369,1611454046
-0.00834356,1611454051
-0.00870318,1611454056
-0.00846343,1611454061
-0.00858331,1611454066
-0.00894292,1611454071
-0.00834356,1611454076
-0.00846343,1611454081
-0.00834356,1611454086
-0.00882305,1611454091
-0.00846343,1611454096
-0.00858331,1611454101
-0.00834356,1611454106
-0.00906279,1611454111
-0.00822369,1611454116
-0.00834356,1611454121
-0.00870318,1611454126
-0.00906279,1611454131
-0.00846343,1611454136
-0.00858331,1611454141
-0.00870318,1611454146
-0.00822369,1611454151
-0.00846343,1611454156
-0.00834356,1611454161
-0.00834356,1611454166
-0.00810382,1611454171
-0.00822369,1611454176
-0.00810382,1611454181
-0.00870318,1611454186
-0.00822369,1611454191
-0.00846343,1611454196
-0.00822369,1611454201
-0.00894292,1611454206
-0.00906279,1611454211
-0.00882305,1611454216
-0.00762433,1611454221
-0.00786408,1611454226
-0.00894292,1611454231
-0.00858331,1611454236
-0.00786408,1611454241
-0.00846343,1611454246
-0.00906279,1611454251
-0.00894292,1611454256
-0.00846343,1611454261
-0.00822369,1611454266
-0.00834356,1611454271
-0.00882305,1611454276
-0.00882305,1611454281
-0.00762433,1611454286
-0.00858331,1611454291
-0.00810382,1611454296
-0.00858331,1611454301
-0.00870318,1611454306
-0.00810382,1611454311
-0.00822369,1611454316
-0.00822369,1611454321
-0.00822369,1611454326
-0.00798395,1611454331
-0.00810382,1611454336
-0.00798395,1611454341
-0.00870318,1611454346
-0.00882305,1611454351
-0.00846343,1611454356
-0.00834356,1611454361
-0.00822369,1611454366
-0.00762433,1611454371
-0.00810382,1611454376
-0.00774421,1611454381
-0.00798395,1611454386
-0.00810382,1611454391
-0.00786408,1611454396
-0.00726472,1611454401
-0.00870318,1611454406
-0.00762433,1611454411
-0.00846343,1611454416
-0.00786408,1611454421
-0.00834356,1611454426
-0.00702497,1611454431
-0.00834356,1611454436
-0.00822369,1611454441
-0.00798395,1611454446
-0.00786408,1611454451
-0.00798395,1611454456
-0.00822369,1611454461
-0.00738459,1611454466
-0.00810382,1611454471
-0.00762433,1611454476
-0.00798395,1611454481
-0.00834356,1611454486
-0.00774421,1611454491
-0.00786408,1611454496
-0.00858331,1611454501
-0.00810382,1611454506
-0.00810382,1611454511
-0.00798395,1611454516
-0.00762433,1611454521
-0.00786408,1611454526
-0.00774421,1611454531
-0.00762433,1611454536
-0.00774421,1611454541
-0.00774421,1611454546
-0.00702497,1611454551
-0.00738459,1611454556
-0.00750446,1611454561
-0.00798395,1611454566
-0.00786408,1611454571
-0.00798395,1611454576
-0.00774421,1611454581
-0.00774421,1611454586
-0.00858331,1611454591
-0.00750446,1611454596
-0.00786408,1611454601
-0.00846343,1611454606
-0.00654549,1611454611
-0.00774421,1611454616
-0.00798395,1611454621
-0.00786408,1611454626
-0.00762433,1611454631
-0.00810382,1611454636
-0.00774421,1611454641
-0.00762433,1611454646
-0.00750446,1611454651
-0.00846343,1611454656
-0.00786408,1611454661
-0.00726472,1611454666
-0.00810382,1611454671
-0.00762433,1611454676
-0.00750446,1611454681
-0.00786408,1611454686
-0.00786408,1611454691
-0.00738459,1611454696
-0.00762433,1611454701
-0.0069051,1611454706
-0.00714485,1611454711
-0.00702497,1611454716
-0.00750446,1611454721
-0.00762433,1611454726
-0.00738459,1611454731
-0.00702497,1611454736
-0.00714485,1611454741
-0.00678523,1611454746
-0.00678523,1611454751
-0.00630575,1611454756
-0.00738459,1611454761
-0.00714485,1611454766
-0.006065999999999999,1611454771
-0.00738459,1611454776
-0.0069051,1611454781
-0.00678523,1611454786
-0.00702497,1611454791
-0.00762433,1611454796
-0.00762433,1611454801
-0.00726472,1611454806
-0.00702497,1611454811
-0.00786408,1611454816
-0.0069051,1611454821
-0.00702497,1611454826
-0.00666536,1611454836
-0.00726472,1611454841
-0.00738459,1611454846
-0.00702497,1611454851
-0.00726472,1611454856
-0.00702497,1611454861
-0.00702497,1611454866
-0.00714485,1611454871
-0.00702497,1611454876
-0.00738459,1611454881
-0.00726472,1611454886
-0.00714485,1611454891
-0.00702497,1611454896
-0.00774421,1611454901
-0.006065999999999999,1611454906
-0.00714485,1611454911
-0.0069051,1611454916
-0.00678523,1611454921
-0.00726472,1611454926
-0.00714485,1611454931
-0.00714485,1611454936
-0.00714485,1611454941
-0.00738459,1611454946
-0.00702497,1611454951
-0.00714485,1611454956
-0.00738459,1611454961
-0.00762433,1611454966
-0.00714485,1611454971
-0.00678523,1611454976
-0.00678523,1611454981
-0.00726472,1611454986
-0.00738459,1611454991
-0.00714485,1611454996
-0.00630575,1611455001
-0.00702497,1611455006
-0.00666536,1611455011
-0.00714485,1611455016
-0.00702497,1611455021
-0.00714485,1611455026
-0.00666536,1611455031
-0.00630575,1611455036
-0.00642562,1611455041
-0.0069051,1611455046
-0.00666536,1611455051
-0.00654549,1611455056
-0.00678523,1611455061
-0.00642562,1611455066
-0.00642562,1611455071
-0.00666536,1611455076
-0.00666536,1611455081
-0.00666536,1611455086
-0.00702497,1611455091
-0.00654549,1611455096
-0.00714485,1611455101
-0.00738459,1611455106
-0.00714485,1611455111
-0.0069051,1611455116
-0.0069051,1611455121
-0.00714485,1611455126
-0.00678523,1611455131
-0.00714485,1611455136
-0.00762433,1611455141
-0.00678523,1611455146
-0.00750446,1611455151
-0.00702497,1611455156
-0.0069051,1611455161
-0.0069051,1611455166
-0.00678523,1611455171
-0.00678523,1611455176
-0.00642562,1611455181
-0.00678523,1611455186
-0.00666536,1611455191
-0.00702497,1611455196
-0.00678523,1611455201
-0.00726472,1611455206
-0.00642562,1611455211
-0.00630575,1611455216
-0.00714485,1611455221
-0.00714485,1611455226
-0.00666536,1611455236
-0.0069051,1611455241
-0.0069051,1611455246
-0.00666536,1611455251
-0.00678523,1611455256
-0.00702497,1611455261
-0.00702497,1611455266
-0.00702497,1611455271
-0.00750446,1611455276
-0.00774421,1611455281
-0.0069051,1611455286
-0.0069051,1611455291
-0.00738459,1611455296
-0.00654549,1611455301
-0.00654549,1611455306
-0.00654549,1611455311
-0.00714485,1611455316
-0.00666536,1611455321
-0.00714485,1611455326
-0.00714485,1611455331
-0.00726472,1611455336
-0.00726472,1611455341
-0.00654549,1611455346
-0.00702497,1611455351
-0.00726472,1611455356
-0.00666536,1611455361
-0.00726472,1611455366
-0.00678523,1611455371
-0.00642562,1611455376
-0.00738459,1611455381
-0.00714485,1611455386
-0.00726472,1611455391
-0.00654549,1611455396
-0.00678523,1611455401
-0.00738459,1611455406
-0.00714485,1611455411
-0.00618587,1611455416
-0.00726472,1611455421
-0.00654549,1611455426
-0.00714485,1611455431
-0.00654549,1611455436
-0.00666536,1611455441
-0.00666536,1611455446
-0.0069051,1611455451
-0.00642562,1611455456
-0.00678523,1611455461
-0.00750446,1611455466
-0.00618587,1611455471
-0.00678523,1611455476
-0.00654549,1611455481
-0.00666536,1611455486
-0.00738459,1611455491
-0.00714485,1611455496
-0.00702497,1611455501
-0.00714485,1611455506
-0.00654549,1611455511
-0.0069051,1611455516
-0.00630575,1611455521
-0.00630575,1611455526
-0.00630575,1611455531
-0.00582626,1611455536
-0.00642562,1611455541
-0.006065999999999999,1611455546
-0.00630575,1611455551
-0.0069051,1611455556
-0.00618587,1611455561
-0.00666536,1611455566
-0.0069051,1611455571
-0.00630575,1611455576
-0.006065999999999999,1611455581
-0.00642562,1611455586
-0.00630575,1611455591
-0.00618587,1611455596
-0.00618587,1611455601
-0.00570639,1611455606
-0.00546665,1611455611
-0.006065999999999999,1611455616
-0.00618587,1611455621
-0.00618587,1611455626
-0.006065999999999999,1611455631
-0.0052269,1611455636
-0.00582626,1611455641
-0.00594613,1611455646
-0.00570639,1611455651
-0.00570639,1611455656
-0.00630575,1611455661
-0.00558652,1611455666
-0.00594613,1611455671
-0.006065999999999999,1611455676
-0.00498716,1611455681
-0.006065999999999999,1611455686
-0.00582626,1611455691
-0.00510703,1611455696
-0.00546665,1611455701
-0.00582626,1611455706
-0.00570639,1611455711
-0.00534677,1611455716
-0.00546665,1611455721
-0.00486729,1611455726
-0.00510703,1611455731
-0.00510703,1611455736
-0.00486729,1611455741
-0.00534677,1611455746
-0.0052269,1611455751
-0.00582626,1611455756
-0.00558652,1611455761
-0.00570639,1611455766
-0.00510703,1611455771
-0.00462755,1611455776
-0.0052269,1611455781
-0.00558652,1611455786
-0.00510703,1611455791
-0.0052269,1611455796
-0.00486729,1611455801
-0.00498716,1611455806
-0.00474742,1611455811
-0.00510703,1611455816
-0.00498716,1611455821
-0.00486729,1611455826
-0.00486729,1611455831
-0.00462755,1611455836
-0.0052269,1611455841
-0.00426793,1611455846
-0.00414806,1611455851
-0.00426793,1611455856
-0.0043878,1611455861
-0.0035486999999999997,1611455866
-0.00426793,1611455871
-0.00474742,1611455876
-0.00450767,1611455881
-0.00402819,1611455886
-0.00426793,1611455891
-0.00450767,1611455896
-0.00414806,1611455901
-0.0043878,1611455906
-0.00450767,1611455911
-0.00390832,1611455916
-0.0043878,1611455921
-0.00414806,1611455926
-0.00498716,1611455931
-0.00426793,1611455936
-0.00414806,1611455941
-0.00426793,1611455946
-0.00342883,1611455951
-0.00366857,1611455956
-0.0043878,1611455961
-0.00366857,1611455966
-0.00414806,1611455971
-0.00414806,1611455976
-0.00426793,1611455981
-0.00474742,1611455986
-0.00366857,1611455991
-0.00402819,1611455996
-0.00474742,1611456001
-0.00450767,1611456006
-0.00462755,1611456011
-0.00486729,1611456016
-0.00426793,1611456021
-0.00414806,1611456026
-0.00450767,1611456031
-0.00378845,1611456036
-0.00426793,1611456041
-0.00402819,1611456046
-0.00462755,1611456051
-0.00318909,1611456056
-0.0035486999999999997,1611456061
-0.00414806,1611456066
-0.00366857,1611456071
-0.00330896,1611456076
-0.00342883,1611456081
-0.00330896,1611456086
-0.00366857,1611456091
-0.00366857,1611456096
-0.00318909,1611456101
-0.0035486999999999997,1611456106
-0.00342883,1611456111
-0.00282947,1611456116
-0.00342883,1611456121
-0.00318909,1611456126
-0.00294934,1611456131
-0.00330896,1611456136
-0.00378845,1611456141
-0.0035486999999999997,1611456146
-0.00223011,1611456151
-0.00294934,1611456156
-0.00342883,1611456161
-0.00306921,1611456166
-0.00330896,1611456171
-0.00246986,1611456176
-0.00294934,1611456181
-0.00258973,1611456186
-0.0027096,1611456191
-0.00306921,1611456196
-0.00306921,1611456201
-0.00258973,1611456206
-0.0027096,1611456211
-0.00211024,1611456216
-0.00223011,1611456221
-0.00306921,1611456226
-0.00223011,1611456231
-0.00258973,1611456236
-0.0027096,1611456241
-0.00234999,1611456246
-0.00282947,1611456251
-0.00258973,1611456256
-0.00246986,1611456261
-0.00246986,1611456266
-0.00246986,1611456271
-0.00234999,1611456276
-0.00246986,1611456281
-0.00211024,1611456286
-0.0027096,1611456291
-0.0027096,1611456296
-0.00211024,1611456301
-0.00223011,1611456306
-0.00211024,1611456311
-0.00246986,1611456316
-0.00234999,1611456321
-0.00151089,1611456326
-0.00223011,1611456331
-0.00246986,1611456336
-0.00175063,1611456341
-0.0018704999999999998,1611456346
-0.00163076,1611456351
-0.00246986,1611456356
-0.00127114,1611456361
-0.00151089,1611456366
-0.00175063,1611456371
-0.00199037,1611456376
-0.00151089,1611456381
-0.00175063,1611456386
-0.00151089,1611456391
-0.00151089,1611456396
-0.00139101,1611456401
-0.0010314,1611456406
-0.00163076,1611456411
-0.00151089,1611456416
-0.0009115289999999999,1611456421
-0.00115127,1611456426
-0.0009115289999999999,1611456431
-0.0009115289999999999,1611456436
-0.0018704999999999998,1611456441
-0.00139101,1611456446
-0.000432044,1611456451
-0.00127114,1611456456
-0.000551915,1611456461
-0.00127114,1611456466
-0.000671787,1611456471
-0.0010314,1611456476
-0.000671787,1611456486
-0.000671787,1611456491
-0.00115127,1611456496
-0.000671787,1611456501
-0.000671787,1611456506
-0.000312172,1611456511
-0.000312172,1611456516
4.74459e-05,1611456521
-0.000671787,1611456526
0.000167317,1611456531
-0.000671787,1611456536
-0.00019230099999999997,1611456541
-0.000312172,1611456546
-0.00019230099999999997,1611456551
-0.000312172,1611456556
-7.24297e-05,1611456561
0.00040706,1611456566
4.74459e-05,1611456571
0.00028718900000000003,1611456576
0.000167317,1611456581
-0.000432044,1611456586
0.00028718900000000003,1611456591
0.00040706,1611456596
0.000526931,1611456601
-0.000432044,1611456606
-0.000551915,1611456611
-7.24297e-05,1611456616
0.00028718900000000003,1611456621
0.00028718900000000003,1611456626
0.0008865460000000001,1611456631
0.00124616,1611456636
0.0008865460000000001,1611456641
0.00100642,1611456646
0.000526931,1611456651
0.00100642,1611456656
0.000766674,1611456661
0.000766674,1611456666
0.000526931,1611456671
0.0008865460000000001,1611456676
0.000646803,1611456681
0.000646803,1611456686
4.74459e-05,1611456691
0.00112629,1611456696
0.0008865460000000001,1611456701
0.0008865460000000001,1611456706
0.00184552,1611456711
0.00112629,1611456716
0.0014859,1611456721
0.00112629,1611456726
0.00112629,1611456731
0.00160577,1611456736
0.00112629,1611456741
0.00136603,1611456746
0.0014859,1611456751
0.00160577,1611456756
0.00196539,1611456761
0.0014859,1611456766
0.0014859,1611456771
0.00112629,1611456776
0.00172565,1611456781
0.00184552,1611456786
0.00196539,1611456791
0.00172565,1611456796
0.0014859,1611456801
0.00172565,1611456806
0.00220513,1611456811
0.00196539,1611456816
0.00208526,1611456821
0.00208526,1611456826
0.0014859,1611456831
0.00220513,1611456836
0.00172565,1611456841
0.00160577,1611456846
0.00244487,1611456851
0.00160577,1611456856
0.00244487,1611456861
0.00184552,1611456866
0.00256474,1611456871
0.00268462,1611456876
0.00184552,1611456881
0.00304423,1611456886
0.00244487,1611456891
0.00208526,1611456896
0.00280449,1611456901
0.00196539,1611456906
0.00220513,1611456911
0.00304423,1611456916
0.00304423,1611456921
0.00268462,1611456926
0.00268462,1611456931
0.00208526,1611456936
0.00244487,1611456941
0.00208526,1611456946
0.00256474,1611456951
0.00256474,1611456956
0.00280449,1611456961
0.00304423,1611456966
0.0031641,1611456971
0.00304423,1611456976
0.00256474,1611456981
0.00304423,1611456986
0.00292436,1611456991
0.002325,1611456996
0.00340384,1611457001
0.0031641,1611457006
0.00304423,1611457011
0.00292436,1611457016
0.00352372,1611457021
0.00352372,1611457026
0.0031641,1611457031
0.00328397,1611457036
0.00448269,1611457041
0.0031641,1611457046
0.00352372,1611457051
0.00340384,1611457056
0.00424295,1611457061
0.00328397,1611457066
0.0031641,1611457071
0.00340384,1611457076
0.0031641,1611457081
0.00280449,1611457086
0.00328397,1611457091
0.00364359,1611457096
0.00304423,1611457101
0.00364359,1611457106
0.00424295,1611457111
0.00328397,1611457116
0.00376346,1611457121
0.00340384,1611457126
0.00328397,1611457131
0.00376346,1611457136
0.00400321,1611457141
0.00400321,1611457146
0.00352372,1611457151
0.00376346,1611457156
0.00352372,1611457161
0.00292436,1611457166
0.00292436,1611457171
0.00364359,1611457176
0.00352372,1611457181
0.00424295,1611457186
0.00400321,1611457191
0.00400321,1611457196
0.00364359,1611457201
0.00376346,1611457206
0.00424295,1611457211
0.00460256,1611457216
0.00424295,1611457221
0.00472243,1611457226
0.00448269,1611457231
0.00424295,1611457236
0.00400321,1611457241
0.00388333,1611457246
0.00436282,1611457251
0.00448269,1611457256
0.00424295,1611457261
0.00436282,1611457266
0.00376346,1611457271
0.00460256,1611457276
0.00508205,1611457281
0.00484231,1611457286
0.00532179,1611457291
0.00412308,1611457296
0.00376346,1611457301
0.00412308,1611457306
0.00436282,1611457311
0.00484231,1611457316
0.00364359,1611457321
0.00484231,1611457326
0.00412308,1611457336
0.00460256,1611457341
0.00532179,1611457346
0.00484231,1611457351
0.00520192,1611457356
0.00448269,1611457361
0.00460256,1611457366
0.00508205,1611457371
0.00460256,1611457376
0.00472243,1611457381
0.00436282,1611457386
0.00484231,1611457391
0.00424295,1611457396
0.00460256,1611457401
0.00448269,1611457406
0.00460256,1611457411
0.00448269,1611457416
0.00448269,1611457421
0.00436282,1611457426
0.00472243,1611457431
0.00496218,1611457436
0.00400321,1611457441
0.00436282,1611457446
0.00376346,1611457451
0.00472243,1611457456
0.00496218,1611457461
0.00460256,1611457466
0.00448269,1611457471
0.00448269,1611457476
0.00460256,1611457481
0.00508205,1611457486
0.00508205,1611457491
0.00424295,1611457496
0.00460256,1611457501
0.00448269,1611457506
0.00448269,1611457511
0.00496218,1611457516
0.00448269,1611457521
0.00436282,1611457526
0.00472243,1611457531
0.00448269,1611457536
0.00472243,1611457541
0.00424295,1611457546
0.00436282,1611457551
0.00460256,1611457556
0.00412308,1611457561
0.00388333,1611457566
0.00352372,1611457571
0.00472243,1611457576
0.00460256,1611457581
0.00400321,1611457586
0.00508205,1611457591
0.00364359,1611457596
0.00400321,1611457601
0.00424295,1611457606
0.00448269,1611457611
0.00436282,1611457616
0.00472243,1611457621
0.00400321,1611457626
0.00436282,1611457631
0.00388333,1611457636
0.00472243,1611457641
0.00364359,1611457646
0.00388333,1611457651
0.00364359,1611457656
0.00400321,1611457661
0.00412308,1611457666
0.00448269,1611457671
0.00340384,1611457676
0.00436282,1611457681
0.00460256,1611457686
0.00400321,1611457691
0.00376346,1611457696
0.00448269,1611457701
0.00376346,1611457706
0.00400321,1611457711
0.00424295,1611457716
0.00448269,1611457721
0.00412308,1611457726
0.00436282,1611457736
0.00400321,1611457741
0.00400321,1611457746
0.00364359,1611457751
0.00352372,1611457756
0.00352372,1611457761
0.00340384,1611457766
0.00376346,1611457771
0.00328397,1611457776
0.00436282,1611457781
0.0031641,1611457786
0.00364359,1611457791
0.00328397,1611457796
0.00352372,1611457801
0.00388333,1611457806
0.00364359,1611457811
0.00352372,1611457816
0.00400321,1611457821
0.0031641,1611457826
0.0031641,1611457831
0.00340384,1611457836
0.00388333,1611457841
0.00376346,1611457846
0.00328397,1611457851
0.00376346,1611457856
0.00364359,1611457861
0.00376346,1611457866
0.00352372,1611457871
0.00304423,1611457876
0.00352372,1611457881
0.00364359,1611457886
0.00328397,1611457891
0.00364359,1611457896
0.0031641,1611457901
0.00352372,1611457906
0.00352372,1611457911
0.0031641,1611457916
0.00340384,1611457921
0.00400321,1611457926
0.0031641,1611457931
0.00328397,1611457936
0.00388333,1611457941
0.00352372,1611457946
0.00328397,1611457951
0.00424295,1611457956
0.00340384,1611457961
0.00400321,1611457966
0.00340384,1611457971
0.00388333,1611457976
0.00364359,1611457981
0.00304423,1611457986
0.00352372,1611457991
0.00352372,1611457996
0.00364359,1611458001
0.00388333,1611458006
0.00376346,1611458011
0.00328397,1611458016
0.00400321,1611458021
0.00364359,1611458026
0.00376346,1611458031
0.00352372,1611458036
0.00376346,1611458041
0.0031641,1611458046
0.00364359,1611458051
0.00376346,1611458056
0.00388333,1611458061
0.00304423,1611458066
0.00376346,1611458071
0.00340384,1611458076
0.00364359,1611458081
0.00364359,1611458086
0.00304423,1611458091
0.00340384,1611458096
0.00304423,1611458101
0.00376346,1611458106
0.00388333,1611458111
0.00352372,1611458116
0.00328397,1611458121
0.00352372,1611458126
0.00304423,1611458131
0.0031641,1611458136
0.00376346,1611458141
0.0031641,1611458146
0.00376346,1611458151
0.00352372,1611458156
0.00304423,1611458161
0.00340384,1611458166
0.0031641,1611458171
0.00352372,1611458176
0.00340384,1611458181
0.00364359,1611458186
0.00364359,1611458191
0.00352372,1611458196
0.00352372,1611458201
0.00352372,1611458206
0.00340384,1611458211
0.00292436,1611458216
0.00304423,1611458221
0.00328397,1611458226
0.0031641,1611458231
0.00364359,1611458236
0.00304423,1611458241
0.00280449,1611458246
0.00280449,1611458251
0.00340384,1611458256
0.00328397,1611458261
0.00376346,1611458266
0.00256474,1611458271
0.00328397,1611458276
0.00352372,1611458281
0.00328397,1611458286
0.00340384,1611458291
0.0031641,1611458296
0.00328397,1611458301
0.0031641,1611458306
0.00352372,1611458311
0.00268462,1611458316
0.0031641,1611458321
0.00280449,1611458326
0.00292436,1611458331
0.00340384,1611458336
0.00304423,1611458341
0.0031641,1611458346
0.00256474,1611458351
0.00244487,1611458356
0.00268462,1611458361
0.00244487,1611458366
0.002325,1611458371
0.00280449,1611458376
0.00328397,1611458381
0.00280449,1611458386
0.00280449,1611458391
0.00196539,1611458396
0.0031641,1611458401
0.00256474,1611458406
0.00280449,1611458411
0.00220513,1611458416
0.00268462,1611458421
0.00208526,1611458426
0.00220513,1611458431
0.00172565,1611458436
0.00208526,1611458441
0.00220513,1611458446
0.00196539,1611458451
0.00220513,1611458456
0.00196539,1611458461
0.00220513,1611458466
0.00208526,1611458471
0.00256474,1611458476
0.00208526,1611458481
0.002325,1611458486
0.00208526,1611458491
0.00268462,1611458496
0.00196539,1611458501
0.00220513,1611458506
0.00244487,1611458511
0.00208526,1611458516
0.00172565,1611458521
0.00184552,1611458526
0.00160577,1611458531
0.0014859,1611458536
0.00184552,1611458541
0.00220513,1611458546
0.000646803,1611458551
0.00028718900000000003,1611458556
0.000526931,1611458561
0.00112629,1611458566
0.00028718900000000003,1611458571
0.00124616,1611458576
0.000766674,1611458581
0.000646803,1611458586
0.00136603,1611458591
0.00136603,1611458596
0.0008865460000000001,1611458601
0.00040706,1611458606
-7.24297e-05,1611458611
0.00136603,1611458616
0.000526931,1611458621
0.00136603,1611458626
0.0008865460000000001,1611458631
0.000646803,1611458636
0.000766674,1611458641
0.00124616,1611458646
0.00028718900000000003,1611458651
0.000646803,1611458656
0.00040706,1611458661
0.00028718900000000003,1611458666
0.00040706,1611458671
0.00028718900000000003,1611458676
0.000526931,1611458681
0.000167317,1611458686
0.000526931,1611458691
0.00040706,1611458696
-7.24297e-05,1611458701
0.00040706,1611458706
-0.00019230099999999997,1611458711
-0.000671787,1611458716
4.74459e-05,1611458721
4.74459e-05,1611458726
0.00028718900000000003,1611458731
0.00028718900000000003,1611458736
-0.000432044,1611458741
0.000167317,1611458746
-0.000312172,1611458751
-0.000671787,1611458756
-0.000432044,1611458761
0.000167317,1611458766
-0.000791658,1611458771
-0.000312172,1611458776
-0.0010314,1611458781
-0.0010314,1611458786
-0.000671787,1611458791
-0.0009115289999999999,1611458796
-0.000791658,1611458801
-0.000791658,1611458806
-0.000551915,1611458811
-0.00139101,1611458816
-0.000791658,1611458821
-0.0009115289999999999,1611458826
-0.000791658,1611458831
-0.000791658,1611458836
-0.000312172,1611458841
-0.000551915,1611458846
-0.0009115289999999999,1611458851
-0.00019230099999999997,1611458856
-0.0009115289999999999,1611458861
-0.00139101,1611458866
-0.0010314,1611458871
4.74459e-05,1611458876
-0.0009115289999999999,1611458881
-0.00127114,1611458886
-0.0009115289999999999,1611458891
-0.0009115289999999999,1611458896
-0.000671787,1611458901
-0.000671787,1611458906
-0.00115127,1611458911
-0.0009115289999999999,1611458916
-0.0009115289999999999,1611458921
-0.00019230099999999997,1611458926
-0.00163076,1611458931
-0.0009115289999999999,1611458936
-0.00019230099999999997,1611458941
-0.00127114,1611458946
-0.00139101,1611458951
-0.0009115289999999999,1611458956
-0.00139101,1611458961
-0.0009115289999999999,1611458966
-0.000791658,1611458971
-0.0009115289999999999,1611458976
-0.000791658,1611458986
-0.00199037,1611458991
-0.00139101,1611458996
-0.0010314,1611459001
-0.00115127,1611459006
-0.0010314,1611459011
-0.000791658,1611459016
-0.00139101,1611459021
-0.000551915,1611459026
-0.000432044,1611459031
-0.00115127,1611459036
-0.0010314,1611459041
-0.0009115289999999999,1611459046
-0.00115127,1611459051
-0.00115127,1611459056
-0.0018704999999999998,1611459061
-0.000551915,1611459066
-0.000791658,1611459071
-0.000671787,1611459076
-0.00115127,1611459081
-0.0010314,1611459086
-0.00139101,1611459091
-0.000551915,1611459096
-0.000671787,1611459101
-0.00151089,1611459106
-0.000791658,1611459111
-0.0010314,1611459116
-0.000671787,1611459121
-0.000551915,1611459126
-0.000671787,1611459131
-0.0010314,1611459136
-0.000791658,1611459141
-0.00019230099999999997,1611459146
-0.0009115289999999999,1611459151
-0.000312172,1611459156
-0.00019230099999999997,1611459161
-0.0009115289999999999,1611459166
-0.000791658,1611459171
-0.000671787,1611459176
-0.000551915,1611459181
-0.000671787,1611459186
-0.00019230099999999997,1611459191
-0.0010314,1611459196
-0.0010314,1611459201
-0.000312172,1611459206
-0.000551915,1611459211
-0.000551915,1611459216
-0.000432044,1611459221
-7.24297e-05,1611459226
-0.0010314,1611459231
0.000646803,1611459236
-0.000312172,1611459241
-0.00019230099999999997,1611459246
4.74459e-05,1611459251
-0.000551915,1611459256
-0.0010314,1611459261
-0.000791658,1611459266
-0.0010314,1611459271
-7.24297e-05,1611459276
-0.000432044,1611459281
-0.00115127,1611459286
-0.000671787,1611459291
-0.000671787,1611459296
-0.000432044,1611459301
-0.0009115289999999999,1611459306
-0.000671787,1611459311
-0.000551915,1611459316
-0.000671787,1611459321
0.000167317,1611459326
-0.000671787,1611459331
4.74459e-05,1611459336
-0.000551915,1611459341
-0.0010314,1611459346
-0.000791658,1611459351
-0.00127114,1611459356
-0.0009115289999999999,1611459361
-0.000312172,1611459366
-0.000671787,1611459371
-0.000432044,1611459376
-0.0009115289999999999,1611459381
-0.00019230099999999997,1611459386
-0.0009115289999999999,1611459391
-0.000671787,1611459396
-0.000551915,1611459401
-0.00127114,1611459406
-0.0009115289999999999,1611459411
-0.000432044,1611459416
-0.0009115289999999999,1611459421
-0.0010314,1611459426
-0.0009115289999999999,1611459431
-0.000312172,1611459436
-0.000671787,1611459441
-0.000671787,1611459446
-0.000432044,1611459451
-0.000791658,1611459456
-0.00151089,1611459461
-0.000671787,1611459466
-0.000432044,1611459471
-0.0010314,1611459476
-0.0010314,1611459481
-0.00115127,1611459486
-0.00115127,1611459491
-0.00139101,1611459496
-0.00175063,1611459501
-0.00139101,1611459506
-0.00139101,1611459511
-0.00139101,1611459516
-0.00115127,1611459521
-0.00223011,1611459526
-0.00258973,1611459531
-0.00151089,1611459536
-0.00234999,1611459541
-0.00234999,1611459546
-0.00211024,1611459551
-0.00211024,1611459556
-0.00234999,1611459561
-0.00258973,1611459566
-0.00223011,1611459571
-0.00223011,1611459576
-0.00223011,1611459581
-0.00294934,1611459586
-0.00258973,1611459591
-0.00318909,1611459596
-0.00318909,1611459601
-0.00258973,1611459606
-0.00306921,1611459611
-0.00318909,1611459616
-0.0035486999999999997,1611459621
-0.00246986,1611459626
-0.00306921,1611459631
-0.00246986,1611459636
-0.00330896,1611459641
-0.00318909,1611459646
-0.00402819,1611459651
-0.0035486999999999997,1611459656
-0.0043878,1611459661
-0.00378845,1611459666
-0.00414806,1611459671
-0.00426793,1611459676
-0.00402819,1611459681
-0.00426793,1611459686
-0.00414806,1611459691
-0.00402819,1611459696
-0.00426793,1611459701
-0.00462755,1611459706
-0.00318909,1611459711
-0.00390832,1611459716
-0.00450767,1611459721
-0.00402819,1611459726
-0.00402819,1611459731
-0.00450767,1611459736
-0.0043878,1611459741
-0.00498716,1611459746
-0.00402819,1611459751
-0.00534677,1611459756
-0.00498716,1611459761
-0.00486729,1611459766
-0.00486729,1611459771
-0.00426793,1611459776
-0.00474742,1611459781
-0.00546665,1611459786
-0.00462755,1611459791
-0.00582626,1611459796
-0.00570639,1611459801
-0.00498716,1611459806
-0.00558652,1611459811
-0.00630575,1611459816
-0.00570639,1611459821
-0.00570639,1611459826
-0.00582626,1611459836
-0.00582626,1611459841
-0.00570639,1611459846
-0.00654549,1611459851
-0.00594613,1611459856
-0.00678523,1611459861
-0.00630575,1611459866
-0.00594613,1611459871
-0.00666536,1611459876
-0.006065999999999999,1611459881
-0.0069051,1611459886
-0.00654549,1611459891
-0.0069051,1611459896
-0.00666536,1611459901
-0.00654549,1611459906
-0.0069051,1611459911
-0.0069051,1611459916
-0.00654549,1611459921
-0.00714485,1611459926
-0.00618587,1611459931
-0.00678523,1611459936
-0.00762433,1611459941
-0.00726472,1611459946
-0.00666536,1611459951
-0.00714485,1611459956
-0.00678523,1611459961
-0.00810382,1611459966
-0.00762433,1611459971
-0.00774421,1611459976
-0.00666536,1611459981
-0.00750446,1611459986
-0.00702497,1611459991
-0.00786408,1611459996
-0.00714485,1611460001
-0.00738459,1611460006
-0.00774421,1611460011
-0.00774421,1611460016
-0.00726472,1611460021
-0.00822369,1611460026
-0.00786408,1611460031
-0.00846343,1611460036
-0.00834356,1611460041
-0.00798395,1611460046
-0.00786408,1611460051
-0.00750446,1611460056
-0.00846343,1611460061
-0.00786408,1611460066
-0.00822369,1611460071
-0.00786408,1611460076
-0.00762433,1611460081
-0.00810382,1611460086
-0.00798395,1611460091
-0.00786408,1611460096
-0.00738459,1611460101
-0.00798395,1611460106
-0.00726472,1611460111
-0.00810382,1611460116
-0.00798395,1611460121
-0.00762433,1611460126
-0.00810382,1611460131
-0.00750446,1611460136
-0.00786408,1611460141
-0.00834356,1611460146
-0.00810382,1611460151
-0.00738459,1611460156
-0.00810382,1611460161
-0.00774421,1611460166
-0.00726472,1611460171
-0.00786408,1611460176
-0.00750446,1611460181
-0.0069051,1611460186
-0.00702497,1611460191
-0.00750446,1611460196
-0.00786408,1611460201
-0.00774421,1611460206
-0.00750446,1611460211
-0.00750446,1611460216
-0.00798395,1611460221
-0.00774421,1611460226
-0.00702497,1611460236
-0.00714485,1611460241
-0.00750446,1611460246
-0.00750446,1611460251
-0.00726472,1611460256
-0.00774421,1611460261
-0.00774421,1611460266
-0.00738459,1611460271
-0.00774421,1611460276
-0.00714485,1611460281
-0.00762433,1611460286
-0.00750446,1611460291
-0.00666536,1611460296
-0.00750446,1611460301
-0.00714485,1611460306
-0.0069051,1611460311
-0.00678523,1611460316
-0.00726472,1611460321
-0.00702497,1611460326
-0.00726472,1611460331
-0.00702497,1611460336
-0.00726472,1611460341
-0.00714485,1611460346
-0.00774421,1611460351
-0.00702497,1611460356
-0.00726472,1611460361
-0.00786408,1611460366
-0.00714485,1611460371
-0.00762433,1611460376
-0.00726472,1611460381
-0.00678523,1611460386
-0.00714485,1611460391
-0.00750446,1611460396
-0.00738459,1611460401
-0.00702497,1611460406
-0.0069051,1611460411
-0.00714485,1611460416
-0.00726472,1611460421
-0.00666536,1611460426
-0.00666536,1611460431
-0.00726472,1611460436
-0.00726472,1611460441
-0.00678523,1611460446
-0.00714485,1611460451
-0.00642562,1611460456
-0.00630575,1611460461
-0.00702497,1611460466
-0.00726472,1611460471
-0.00714485,1611460476
-0.0069051,1611460481
-0.0069051,1611460486
-0.0069051,1611460491
-0.00642562,1611460496
-0.00750446,1611460501
-0.00762433,1611460506
-0.00630575,1611460511
-0.00618587,1611460516
-0.00714485,1611460521
-0.00654549,1611460526
-0.00630575,1611460531
-0.00666536,1611460536
-0.00654549,1611460541
-0.00738459,1611460546
-0.00654549,1611460551
-0.00702497,1611460556
-0.00678523,1611460561
-0.00678523,1611460566
-0.00678523,1611460571
-0.00666536,1611460576
-0.00666536,1611460581
-0.00714485,1611460586
-0.00702497,1611460591
-0.00702497,1611460596
-0.00702497,1611460601
-0.00618587,1611460606
-0.00714485,1611460611
-0.00642562,1611460616
-0.00618587,1611460621
-0.00654549,1611460626
-0.00666536,1611460631
-0.00702497,1611460636
-0.00642562,1611460641
-0.00666536,1611460646
-0.00642562,1611460651
-0.0069051,1611460656
-0.00666536,1611460661
-0.00630575,1611460666
-0.00702497,1611460671
-0.00678523,1611460676
-0.00630575,1611460681
-0.00630575,1611460686
-0.00678523,1611460691
-0.0069051,1611460696
-0.00654549,1611460701
-0.00594613,1611460706
-0.00678523,1611460711
-0.00630575,1611460716
-0.00702497,1611460721
-0.00678523,1611460726
-0.006065999999999999,1611460731
-0.00642562,1611460736
-0.00618587,1611460741
-0.00618587,1611460746
-0.00630575,1611460751
-0.00570639,1611460756
-0.00570639,1611460761
-0.00630575,1611460766
-0.00594613,1611460771
-0.0069051,1611460776
-0.00618587,1611460781
-0.00594613,1611460786
-0.006065999999999999,1611460791
-0.00642562,1611460796
-0.00594613,1611460801
-0.00546665,1611460806
-0.00558652,1611460811
-0.00570639,1611460816
-0.00582626,1611460821
-0.00558652,1611460826
-0.00510703,1611460831
-0.00594613,1611460836
-0.00642562,1611460841
-0.00558652,1611460846
-0.00546665,1611460851
-0.0052269,1611460856
-0.00546665,1611460861
-0.00498716,1611460866
-0.00546665,1611460871
-0.00486729,1611460876
-0.00510703,1611460881
-0.00534677,1611460886
-0.00498716,1611460891
-0.00546665,1611460896
-0.00462755,1611460901
-0.0052269,1611460906
-0.0052269,1611460911
-0.00498716,1611460916
-0.00486729,1611460921
-0.0052269,1611460926
-0.00546665,1611460931
-0.00498716,1611460936
-0.00414806,1611460941
-0.00414806,1611460946
-0.00474742,1611460951
-0.00402819,1611460956
-0.00390832,1611460961
-0.00474742,1611460966
-0.00378845,1611460971
-0.00462755,1611460976
-0.00366857,1611460981
-0.0043878,1611460986
-0.00402819,1611460991
-0.0043878,1611460996
-0.00318909,1611461001
-0.00462755,1611461006
-0.00426793,1611461011
-0.00342883,1611461016
-0.00414806,1611461021
-0.00414806,1611461026
-0.00366857,1611461031
-0.00414806,1611461036
-0.0035486999999999997,1611461041
-0.00378845,1611461046
-0.00402819,1611461051
-0.00330896,1611461056
-0.00306921,1611461061
-0.00378845,1611461066
-0.00318909,1611461071
-0.00258973,1611461076
-0.0035486999999999997,1611461081
-0.0035486999999999997,1611461086
-0.00342883,1611461091
-0.00330896,1611461096
-0.00402819,1611461101
-0.00318909,1611461106
-0.00318909,1611461111
-0.00306921,1611461116
-0.00294934,1611461121
-0.00330896,1611461126
-0.00318909,1611461131
-0.00342883,1611461136
-0.00330896,1611461141
-0.0035486999999999997,1611461146
-0.00342883,1611461151
-0.0035486999999999997,1611461156
-0.00306921,1611461161
-0.0027096,1611461166
-0.00318909,1611461171
-0.00306921,1611461176
-0.00258973,1611461181
-0.00282947,1611461186
-0.00258973,1611461191
-0.00223011,1611461196
-0.0027096,1611461201
-0.00318909,1611461206
-0.00306921,1611461211
-0.00282947,1611461216
-0.00234999,1611461221
-0.00330896,1611461226
-0.00234999,1611461231
-0.00258973,1611461236
-0.00294934,1611461241
-0.00246986,1611461246
-0.00246986,1611461251
-0.00223011,1611461256
-0.00294934,1611461261
-0.00294934,1611461266
-0.00258973,1611461271
-0.00258973,1611461276
-0.00234999,1611461281
-0.00258973,1611461286
-0.00342883,1611461291
-0.00258973,1611461296
-0.00211024,1611461301
-0.00306921,1611461306
-0.00258973,1611461311
-0.00306921,1611461316
-0.00258973,1611461321
-0.00294934,1611461326
-0.00318909,1611461331
-0.00294934,1611461336
-0.00330896,1611461341
-0.00306921,1611461346
-0.00282947,1611461351
-0.0027096,1611461356
-0.00306921,1611461361
-0.00318909,1611461366
-0.00330896,1611461371
-0.00306921,1611461376
-0.00306921,1611461381
-0.00306921,1611461386
-0.0027096,1611461391
-0.00306921,1611461396
-0.00211024,1611461401
-0.00330896,1611461406
-0.00282947,1611461411
-0.00306921,1611461416
-0.00366857,1611461421
-0.00282947,1611461426
-0.0035486999999999997,1611461431
-0.00318909,1611461436
-0.00318909,1611461441
-0.00330896,1611461446
-0.00318909,1611461451
-0.00378845,1611461456
-0.00282947,1611461461
-0.00366857,1611461466
-0.00282947,1611461471
-0.00366857,1611461476
-0.00342883,1611461486
-0.00390832,1611461491
-0.00318909,1611461496
-0.00342883,1611461501
-0.00402819,1611461506
-0.00390832,1611461511
-0.00414806,1611461516
-0.00390832,1611461521
-0.0035486999999999997,1611461526
-0.00330896,1611461531
-0.00450767,1611461536
-0.00402819,1611461541
-0.00378845,1611461546
-0.00318909,1611461551
-0.00294934,1611461556
-0.00426793,1611461561
-0.0043878,1611461566
-0.00378845,1611461571
-0.00414806,1611461576
-0.00426793,1611461581
-0.0043878,1611461586
-0.00402819,1611461591
-0.00390832,1611461596
-0.00342883,1611461601
-0.00378845,1611461606
-0.00390832,1611461611
-0.00402819,1611461616
-0.0035486999999999997,1611461621
-0.00378845,1611461626
-0.00402819,1611461631
-0.0035486999999999997,1611461636
-0.00342883,1611461641
-0.0043878,1611461646
-0.0035486999999999997,1611461651
-0.00378845,1611461656
-0.00342883,1611461661
-0.00318909,1611461666
-0.00402819,1611461671
-0.00330896,1611461676
-0.00318909,1611461681
-0.00318909,1611461686
-0.00414806,1611461691
-0.0035486999999999997,1611461696
-0.00366857,1611461701
-0.00366857,1611461706
-0.0035486999999999997,1611461711
-0.00366857,1611461716
-0.00318909,1611461721
-0.0035486999999999997,1611461726
-0.00342883,1611461731
-0.0035486999999999997,1611461736
-0.00414806,1611461741
-0.0035486999999999997,1611461746
-0.00414806,1611461751
-0.00378845,1611461756
-0.00366857,1611461761
-0.00318909,1611461766
-0.00390832,1611461771
-0.00378845,1611461776
-0.0035486999999999997,1611461781
-0.00390832,1611461786
-0.00390832,1611461791
-0.00318909,1611461796
-0.00366857,1611461801
-0.00342883,1611461806
-0.00378845,1611461811
-0.0035486999999999997,1611461816
-0.00378845,1611461821
-0.00390832,1611461826
-0.00390832,1611461831
-0.00318909,1611461836
-0.0043878,1611461841
-0.00306921,1611461846
-0.00294934,1611461851
-0.0035486999999999997,1611461856
-0.00306921,1611461861
-0.0035486999999999997,1611461866
-0.00390832,1611461871
-0.00390832,1611461876
-0.00282947,1611461881
-0.00366857,1611461886
-0.00330896,1611461891
-0.00330896,1611461896
-0.00318909,1611461901
-0.00306921,1611461906
-0.00282947,1611461911
-0.00318909,1611461916
-0.00342883,1611461921
-0.00282947,1611461926
-0.00294934,1611461931
-0.00330896,1611461936
-0.00282947,1611461941
-0.00258973,1611461946
-0.00294934,1611461951
-0.00223011,1611461956
-0.00246986,1611461961
-0.00246986,1611461966
-0.00258973,1611461971
-0.00258973,1611461976
-0.0018704999999999998,1611461981
-0.00199037,1611461986
-0.00246986,1611461991
-0.00258973,1611461996
-0.00223011,1611462001
-0.0027096,1611462006
-0.00175063,1611462011
-0.00127114,1611462016
-0.0018704999999999998,1611462021
-0.00223011,1611462026
-0.00199037,1611462031
-0.00234999,1611462036
-0.00211024,1611462041
-0.00175063,1611462046
-0.0009115289999999999,1611462051
-0.00127114,1611462056
-0.00139101,1611462061
-0.0010314,1611462066
-0.0010314,1611462071
-0.000432044,1611462076
-0.0010314,1611462081
-0.00127114,1611462086
-0.0010314,1611462091
-0.000791658,1611462096
-0.00115127,1611462101
-0.00115127,1611462106
-0.0010314,1611462111
-0.00163076,1611462116
-0.00175063,1611462121
-0.0010314,1611462126
-0.00127114,1611462131
-0.00151089,1611462136
-0.00139101,1611462141
-0.00115127,1611462146
-0.00163076,1611462151
-0.00151089,1611462156
-0.00175063,1611462161
-0.00115127,1611462166
-0.00115127,1611462171
-0.0009115289999999999,1611462176
-0.00127114,1611462181
-0.00139101,1611462186
-0.00151089,1611462191
-0.00223011,1611462196
-0.00151089,1611462201
-0.00127114,1611462206
-0.00127114,1611462211
-0.00163076,1611462216
-0.00127114,1611462221
-0.00139101,1611462226
-0.00199037,1611462231
-0.00151089,1611462236
-0.00139101,1611462241
-0.00163076,1611462246
-0.00199037,1611462251
-0.00127114,1611462256
-0.00211024,1611462261
-0.00115127,1611462266
-0.00151089,1611462271
-0.00211024,1611462276
-0.0018704999999999998,1611462281
-0.00199037,1611462286
-0.00115127,1611462291
-0.00199037,1611462296
-0.00199037,1611462301
-0.00151089,1611462306
-0.00163076,1611462311
-0.00211024,1611462316
-0.00163076,1611462321
-0.00199037,1611462326
-0.00211024,1611462331
-0.00211024,1611462336
-0.00175063,1611462341
-0.00175063,1611462346
-0.0018704999999999998,1611462351
-0.00234999,1611462356
-0.00211024,1611462361
-0.00151089,1611462366
-0.00139101,1611462371
-0.00163076,1611462376
-0.00199037,1611462381
-0.00127114,1611462386
-0.00163076,1611462391
-0.00163076,1611462396
-0.00163076,1611462401
-0.00127114,1611462406
-0.00115127,1611462411
-0.00127114,1611462416
-0.0010314,1611462421
-0.0009115289999999999,1611462426
-0.000791658,1611462431
-0.00151089,1611462436
-0.00151089,1611462441
-0.00199037,1611462446
-0.00127114,1611462451
-0.00151089,1611462456
-0.00151089,1611462461
-0.00163076,1611462466
-0.0009115289999999999,1611462471
-0.0009115289999999999,1611462476
-0.00151089,1611462481
-0.000791658,1611462486
-0.0009115289999999999,1611462491
-0.00139101,1611462496
-0.00163076,1611462501
-0.000671787,1611462506
-0.0018704999999999998,1611462511
-0.0009115289999999999,1611462516
-0.000671787,1611462521
-0.00127114,1611462526
-0.0010314,1611462531
-0.0009115289999999999,1611462536
-0.000791658,1611462541
-0.00115127,1611462546
-0.00115127,1611462551
-0.000432044,1611462556
-0.000791658,1611462561
-0.000671787,1611462566
-0.00019230099999999997,1611462571
-0.000551915,1611462576
-0.000791658,1611462581
-0.00019230099999999997,1611462586
-0.000312172,1611462591
-0.000312172,1611462596
-0.000432044,1611462601
-0.000551915,1611462606
-0.00019230099999999997,1611462611
-0.0009115289999999999,1611462616
-0.0009115289999999999,1611462621
0.00028718900000000003,1611462626
-0.00115127,1611462631
-0.000671787,1611462636
-0.000432044,1611462641
-0.000551915,1611462646
-0.00019230099999999997,1611462651
-0.000312172,1611462656
-0.0009115289999999999,1611462661
4.74459e-05,1611462666
-0.00019230099999999997,1611462671
-0.00019230099999999997,1611462676
-0.000432044,1611462681
-0.000791658,1611462686
-0.0009115289999999999,1611462691
-0.00019230099999999997,1611462696
-0.00019230099999999997,1611462701
-0.000432044,1611462706
-0.0009115289999999999,1611462711
0.000167317,1611462716
-0.000671787,1611462721
-0.00019230099999999997,1611462726
-7.24297e-05,1611462731
-0.000312172,1611462736
4.74459e-05,1611462741
-0.0009115289999999999,1611462746
-0.00019230099999999997,1611462751
-0.00019230099999999997,1611462756
-7.24297e-05,1611462761
-0.00019230099999999997,1611462766
-0.000551915,1611462771
0.00028718900000000003,1611462776
0.00028718900000000003,1611462781
-0.000312172,1611462786
0.00040706,1611462791
-0.0009115289999999999,1611462796
4.74459e-05,1611462801
4.74459e-05,1611462806
-0.00019230099999999997,1611462811
-0.00019230099999999997,1611462816
4.74459e-05,1611462821
-7.24297e-05,1611462826
-0.000312172,1611462831
-7.24297e-05,1611462836
0.000167317,1611462841
0.00028718900000000003,1611462846
-0.00019230099999999997,1611462851
-0.000312172,1611462856
0.000167317,1611462861
-7.24297e-05,1611462866
-0.000432044,1611462871
-7.24297e-05,1611462876
-0.000312172,1611462881
-7.24297e-05,1611462886
-0.000312172,1611462891
-7.24297e-05,1611462896
-0.00019230099999999997,1611462901
-0.000671787,1611462906
-0.000671787,1611462911
-0.000551915,1611462916
0.000167317,1611462921
-0.000791658,1611462926
-0.000312172,1611462931
0.000526931,1611462936
-0.000671787,1611462941
-0.00019230099999999997,1611462946
0.000167317,1611462951
0.000167317,1611462956
0.000646803,1611462961
4.74459e-05,1611462966
4.74459e-05,1611462971
-0.000312172,1611462976
-7.24297e-05,1611462981
-0.000312172,1611462986
0.000526931,1611462991
-7.24297e-05,1611462996
-7.24297e-05,1611463001
-7.24297e-05,1611463006
0.000167317,1611463011
0.000167317,1611463016
-0.000432044,1611463021
-0.00019230099999999997,1611463026
-0.000312172,1611463031
-0.0009115289999999999,1611463036
-0.000312172,1611463041
0.000167317,1611463046
-0.00019230099999999997,1611463051
-0.00019230099999999997,1611463056
-0.00019230099999999997,1611463061
0.000167317,1611463066
-0.000432044,1611463071
-0.0009115289999999999,1611463076
-0.00019230099999999997,1611463081
-0.000432044,1611463086
-0.0010314,1611463091
-0.000312172,1611463096
-0.000551915,1611463101
-0.000551915,1611463106
-7.24297e-05,1611463111
-0.000432044,1611463116
-0.00019230099999999997,1611463121
-0.000551915,1611463126
-0.00019230099999999997,1611463131
-0.000551915,1611463136
-0.000671787,1611463141
-0.00019230099999999997,1611463146
-0.000312172,1611463151
-0.000671787,1611463156
4.74459e-05,1611463161
4.74459e-05,1611463166
-0.00019230099999999997,1611463171
-7.24297e-05,1611463176
-0.00019230099999999997,1611463181
4.74459e-05,1611463186
-0.000432044,1611463191
-0.000671787,1611463196
-0.000312172,1611463201
-0.000551915,1611463206
0.000167317,1611463211
-7.24297e-05,1611463216
-0.000312172,1611463221
-0.00139101,1611463226
-0.000551915,1611463231
4.74459e-05,1611463236
-0.000791658,1611463241
-0.000791658,1611463246
4.74459e-05,1611463251
-0.000551915,1611463256
4.74459e-05,1611463261
-0.0009115289999999999,1611463266
-0.000791658,1611463271
-0.000551915,1611463276
0.000167317,1611463281
-0.0010314,1611463286
-0.000312172,1611463291
-7.24297e-05,1611463296
-7.24297e-05,1611463301
-0.000312172,1611463306
-0.000432044,1611463311
-0.0010314,1611463316
-0.0009115289999999999,1611463321
0.000167317,1611463326
-0.00019230099999999997,1611463331
-0.000671787,1611463336
-0.000791658,1611463341
-0.000312172,1611463346
-0.00019230099999999997,1611463351
-0.000791658,1611463356
-0.000671787,1611463361
-0.000671787,1611463366
-0.0009115289999999999,1611463371
-7.24297e-05,1611463376
-0.00019230099999999997,1611463381
-0.00019230099999999997,1611463386
-0.000551915,1611463391
-0.000551915,1611463396
-0.000551915,1611463401
-0.00019230099999999997,1611463406
-0.00019230099999999997,1611463411
-0.00019230099999999997,1611463416
-0.000791658,1611463421
-0.0010314,1611463426
0.00028718900000000003,1611463431
-0.00019230099999999997,1611463436
-0.00019230099999999997,1611463441
-0.000551915,1611463446
-0.000551915,1611463451
-0.000671787,1611463456
-7.24297e-05,1611463461
-0.000551915,1611463466
-0.00019230099999999997,1611463471
-0.000671787,1611463476
-0.000312172,1611463481
-0.000791658,1611463486
-0.000312172,1611463491
-0.000432044,1611463496
-0.000432044,1611463501
-0.000432044,1611463506
-0.000791658,1611463511
-0.0010314,1611463516
-0.000551915,1611463521
-0.000671787,1611463526
-0.00019230099999999997,1611463531
-0.000432044,1611463536
-0.00115127,1611463541
-0.0010314,1611463546
4.74459e-05,1611463551
-0.000671787,1611463556
-0.000312172,1611463561
-0.000551915,1611463566
-0.000432044,1611463571
-0.0010314,1611463576
-0.000671787,1611463581
-0.000671787,1611463586
-0.000671787,1611463591
-0.000312172,1611463596
-0.0009115289999999999,1611463601
-0.0010314,1611463606
-0.00139101,1611463611
-0.000671787,1611463616
-0.000791658,1611463621
-0.00139101,1611463626
-0.00127114,1611463631
-0.00115127,1611463636
-0.00139101,1611463641
-0.00139101,1611463646
-0.0009115289999999999,1611463651
-0.0009115289999999999,1611463656
-0.00151089,1611463661
-0.00163076,1611463666
-0.00211024,1611463671
-0.0010314,1611463676
-0.00127114,1611463681
-0.00127114,1611463686
-0.00175063,1611463691
-0.00163076,1611463696
-0.0018704999999999998,1611463701
-0.00211024,1611463706
-0.00127114,1611463711
-0.00175063,1611463716
-0.00151089,1611463721
-0.00211024,1611463726
-0.00211024,1611463731
-0.00175063,1611463736
-0.00246986,1611463741
-0.0018704999999999998,1611463746
-0.00234999,1611463751
-0.00199037,1611463756
-0.0018704999999999998,1611463761
-0.00175063,1611463766
-0.00199037,1611463771
-0.00199037,1611463776
-0.00246986,1611463781
-0.00234999,1611463786
-0.00246986,1611463791
-0.00175063,1611463796
-0.0018704999999999998,1611463801
-0.00223011,1611463806
-0.00211024,1611463811
-0.00223011,1611463816
-0.00294934,1611463821
-0.00223011,1611463826
-0.00151089,1611463831
-0.00211024,1611463836
-0.00199037,1611463841
-0.00282947,1611463846
-0.00223011,1611463851
-0.00234999,1611463856
